Rk,Player,Pos,Age,Tm,G,MP,PER,TS%,3PAr,FTr,ORB%,DRB%,TRB%,AST%,STL%,BLK%,TOV%,USG%,,OWS,DWS,WS,WS/48,,OBPM,DBPM,BPM,VORP
1,Kareem Abdul-Jabbar*,C,33,LAL,80,2976,25.5,0.616,0.001,0.379,7.6,21.5,15,13.6,0.9,4,12.8,26.3,,9.6,4.6,14.3,0.23,,4.7,1.4,6.1,6.1
2,Tom Abernethy,SF,26,TOT,39,298,8,0.459,0.017,0.373,7.1,10.6,8.8,8,1.1,0.6,10.4,10.3,,0.2,0.2,0.4,0.062,,-2.2,-0.4,-2.6,0
2,Tom Abernethy,SF,26,GSW,10,39,3.2,0.463,0,1,2.8,20.2,11.4,2.9,1.2,0,31.6,6.4,,0,0,0,-0.004,,-4.4,0,-4.4,0
2,Tom Abernethy,SF,26,IND,29,259,8.7,0.458,0.018,0.339,7.8,9.1,8.4,8.8,1.1,0.7,8.5,10.9,,0.2,0.2,0.4,0.072,,-1.9,-0.4,-2.4,0
3,Alvan Adams,C,26,PHO,75,2054,20.3,0.567,0,0.298,8.6,20.5,14.7,24.5,2.4,1.9,18.7,23,,3.3,4.5,7.7,0.18,,2.5,2.6,5.1,3.7
4,Darrell Allums,PF,22,DAL,22,276,5.3,0.385,0.015,0.328,7.6,19.7,13.4,12.5,0.9,1.7,23.1,15.1,,-0.5,0.2,-0.3,-0.054,,-5.5,-0.1,-5.6,-0.3
5,Tiny Archibald*,PG,32,BOS,80,2820,14.3,0.582,0.012,0.547,1.5,5.4,3.6,28.5,1.3,0.4,21.8,17.5,,4.6,2.3,6.9,0.118,,0.9,-1,-0.1,1.4
6,Dennis Awtrey,C,32,SEA,47,607,6.7,0.501,0,0.215,6.1,13.3,9.8,11.5,0.9,0.7,24.5,9,,0,0.6,0.6,0.047,,-3.2,0.7,-2.5,-0.1
7,James Bailey,PF,23,SEA,82,2539,14.5,0.546,0.002,0.406,8.5,17.6,13.1,5.8,1.4,3.1,17.3,20.3,,1.4,3.6,4.9,0.094,,-1.7,0.6,-1.1,0.6
8,Greg Ballard,SF,26,WSB,82,2610,16.7,0.5,0.027,0.165,6.7,16.8,11.7,10.9,2.1,0.8,8.4,21.4,,2.8,4.1,6.9,0.127,,0.8,1.4,2.2,2.8
9,Mike Bantom,SF,29,IND,76,2375,14.5,0.528,0.007,0.319,6.7,13.1,9.8,14.4,1.6,2,16.4,20.3,,1.8,2.5,4.4,0.088,,-0.2,0.1,-0.1,1.2
10,Billy Ray Bates,SG,24,POR,77,1560,19.3,0.537,0.06,0.221,4.9,6,5.5,19,2.4,0.2,13.1,28.9,,2.4,1.2,3.6,0.111,,2.3,-0.9,1.3,1.3
11,Mel Bennett,PF,26,UTA,28,313,10.7,0.549,0.033,1.35,12.2,21.7,17,6.3,0.5,2,24.5,17.4,,0.1,0.2,0.3,0.045,,-3.7,-1.2,-5,-0.3
12,Kent Benson,C,26,DET,59,1956,15.1,0.524,0.005,0.33,7,17.4,11.9,13.9,1.7,2,17.7,22.2,,0.6,2.5,3.1,0.075,,-0.3,0.4,0.1,1
13,Henry Bibby,PG,31,SDC,73,1112,10.6,0.48,0.31,0.32,2.5,5.4,3.9,23.2,2,0.1,17.9,15.6,,0.5,0.5,1,0.043,,-1,-0.9,-1.9,0
14,Larry Bird*,PF,24,BOS,82,3239,19.9,0.528,0.049,0.218,7,23.8,15.7,20.4,2.4,1.1,14.9,24.3,,4.7,6.1,10.8,0.16,,2.5,1.8,4.3,5.2
15,Otis Birdsong,SG,25,KCK,71,2593,20.3,0.58,0.027,0.348,5.1,5.9,5.5,14.3,1.7,0.4,10.3,26.8,,6.2,2,8.2,0.152,,3.3,-0.8,2.4,2.9
16,Norman Black,SG,23,DET,3,28,1.9,0.296,0,0.8,0,8.8,4.2,10,1.7,0,6.9,21,,-0.1,0,-0.1,-0.133,,-4.7,-0.3,-5,-0.1
17,Ron Boone,SG,34,UTA,52,1146,9,0.492,0.105,0.253,1.7,6.6,4.2,19.9,1.4,0.4,21.2,19.7,,-0.8,0.2,-0.6,-0.025,,-3.2,-2.1,-5.2,-0.9
18,Winford Boynes,SG,23,DAL,44,757,6.1,0.426,0,0.176,3.5,8,5.6,7.5,1.5,1.2,17,22.4,,-1.6,0.2,-1.4,-0.091,,-5.3,-2,-7.3,-1
19,Dudley Bradley,SG,23,IND,82,1867,13.7,0.515,0.029,0.318,4,7.4,5.6,13.6,4.7,1.1,16.1,16.3,,1,2.9,3.9,0.1,,-1.8,3.4,1.6,1.7
20,Mike Bratz,PG,25,CLE,80,2595,11.5,0.458,0.207,0.162,2.7,5.9,4.2,22.4,2.5,0.4,15.6,16.1,,0.7,1.4,2.1,0.038,,-1.2,0,-1.2,0.5
21,Jim Brewer,PF,29,LAL,78,1107,10.6,0.506,0.01,0.203,13.2,14.2,13.8,5.8,1.8,2.8,18.3,9.5,,0.7,1.5,2.2,0.097,,-1.6,1.1,-0.5,0.4
22,Ron Brewer,SG,25,TOT,75,1452,12,0.471,0.011,0.181,2.6,3.8,3.2,14,2,1.3,11.9,21.1,,0.4,1,1.4,0.046,,-1.4,-0.8,-2.2,-0.1
22,Ron Brewer,SG,25,POR,29,548,9.5,0.416,0.012,0.138,2.6,4,3.3,13.1,2.9,0.9,12.7,21.6,,-0.6,0.5,-0.1,-0.011,,-3.6,-0.2,-3.9,-0.3
22,Ron Brewer,SG,25,SAS,46,904,13.5,0.506,0.01,0.208,2.6,3.7,3.2,14.6,1.4,1.5,11.4,20.8,,1,0.5,1.5,0.08,,0,-1.1,-1.1,0.2
23,Junior Bridgeman,SF,27,MIL,77,2215,17.1,0.534,0.019,0.219,4,10.2,7.2,15.1,1.8,0.7,11,24,,3.9,2.8,6.7,0.146,,1.3,-0.2,1.1,1.7
24,Allan Bristow,SF,29,UTA,82,2001,14.9,0.511,0.029,0.324,6,18.5,12.3,27,1.5,0.1,19.7,18.7,,1.4,1.3,2.7,0.065,,0.3,-0.5,-0.2,0.9
25,Dave Britton,PG,22,WSB,2,9,18,0.667,0,0,0,23.5,11.7,49.4,5.2,0,40,22.3,,0,0,0,0.093,,-4.4,0.4,-4,0
26,Michael Brooks,SF,22,SDC,82,2479,15.8,0.519,0.006,0.314,9.4,11.4,10.4,12.3,1.9,0.7,12.3,21.7,,3.2,1.7,4.9,0.095,,0.9,-0.9,0,1.2
27,Fred Brown,SG,32,SEA,78,1986,18.3,0.535,0.062,0.201,3,6.6,4.8,19.9,2.1,0.4,10.4,25.8,,3.5,1.8,5.2,0.127,,2.1,-0.1,2,2
28,Lewis Brown,C,25,WSB,2,5,-18.6,0.192,0,1.667,20.9,21.2,21,0,0,0,16.1,49.8,,-0.1,0,-0.1,-0.667,,-5.3,-0.4,-5.7,0
29,Rickey Brown,C,22,GSW,45,580,10.9,0.531,0,0.13,9.8,22.1,15.9,4.8,0.7,1.4,15.3,13.8,,0.5,0.4,0.9,0.075,,-2.2,-0.6,-2.9,-0.1
30,Joe Bryant,PF,26,SDC,82,2359,12.8,0.53,0.019,0.308,6.9,15.2,10.9,11.1,1.5,0.8,16.4,18.6,,1.7,1.7,3.4,0.069,,-1.1,-0.6,-1.7,0.2
31,Quinn Buckner,PG,26,MIL,82,2384,15.1,0.522,0.006,0.212,4.2,9.5,6.9,21.6,3.8,0.1,18.4,21.1,,1.4,4,5.4,0.108,,-0.9,1.7,0.8,1.7
32,Tom Burleson,C,28,ATL,31,363,8.5,0.436,0,0.414,13.7,16,14.9,4.6,1.1,3.1,17,16.1,,-0.2,0.3,0.2,0.021,,-4.4,-0.6,-4.9,-0.3
33,Don Buse,SG,30,IND,58,1095,11.7,0.471,0.202,0.226,1.8,6.7,4.2,16.4,3.2,0.4,10.7,12.9,,0.9,1.2,2,0.089,,-1.2,1.7,0.5,0.7
34,Marty Byrnes,SF,24,DAL,72,1360,13.6,0.539,0.044,0.348,6,8.9,7.4,12.8,1,0.7,10.5,17.9,,2.1,0.2,2.3,0.081,,0.6,-1.2,-0.6,0.5
35,Mack Calvin,PG,33,CLE,21,128,11,0.478,0.128,0.897,1.6,9.1,5.2,27.4,1.9,0,23.8,22.4,,-0.1,0.1,0,-0.01,,-3.2,-1,-4.1,-0.1
36,Austin Carr,SG,32,TOT,47,657,6.2,0.403,0.03,0.231,3.5,6.4,4.9,11.7,1.1,0.2,13.7,18.4,,-0.9,0.5,-0.4,-0.029,,-4.3,-0.4,-4.7,-0.6
36,Austin Carr,SG,32,DAL,8,77,-1.9,0.269,0,0.143,5.7,7.7,6.6,16.3,0.6,0,23.2,21,,-0.4,0,-0.4,-0.236,,-5.8,-1.5,-7.3,-0.2
36,Austin Carr,SG,32,WSB,39,580,7.2,0.421,0.034,0.243,3.2,6.2,4.7,11.1,1.1,0.2,12.3,18,,-0.5,0.5,0,-0.001,,-4.1,-0.2,-4.4,-0.3
37,Kenny Carr,PF,25,CLE,81,2615,17,0.56,0.004,0.446,10.5,25.6,17.6,10.2,1.4,0.9,17.4,20.4,,3.3,2.6,5.8,0.107,,0.4,-0.4,0,1.3
38,M.L. Carr,SF,30,BOS,41,655,11.6,0.505,0.065,0.31,4.7,9.5,7.2,11.3,2.2,1.5,16.1,18.2,,0.2,0.9,1.1,0.082,,-1.6,1.2,-0.4,0.3
39,Joe Barry Carroll,C,22,GSW,82,2919,16.4,0.534,0.002,0.351,10.3,18.7,14.4,5.8,0.8,2.3,14.4,23,,3.7,2,5.7,0.094,,0,-1.3,-1.3,0.5
40,Butch Carter,SF,22,LAL,54,672,10.7,0.521,0.04,0.385,5.8,4.7,5.2,9.9,1.6,0.1,14.8,20.2,,0.5,0.5,0.9,0.067,,-2.8,-1.3,-4.1,-0.4
41,Reggie Carter,SG,23,NYK,60,536,8.8,0.404,0.017,0.385,6.2,8.6,7.4,18.3,2,0.2,15.4,18.7,,-0.4,0.5,0.1,0.01,,-3.3,-0.3,-3.7,-0.2
42,Bill Cartwright,C,23,NYK,82,2925,18.4,0.611,0.001,0.463,6.1,18.3,12,5.6,0.8,1.6,12.9,21.5,,6.9,3.1,10,0.164,,1.6,-0.5,1.1,2.3
43,Harvey Catchings,PF,29,MIL,77,1635,10.4,0.48,0,0.307,10.7,21,16,7,0.9,6.3,23.6,10.7,,0,3.2,3.1,0.092,,-3,2.9,-0.1,0.8
44,Maurice Cheeks*,PG,24,PHI,81,2415,16.4,0.579,0.014,0.306,3.3,7.5,5.5,29.5,3.7,0.9,20.9,13.9,,4,4.5,8.5,0.169,,0.9,3.1,4,3.7
45,Phil Chenier,SG,30,GSW,9,82,5.6,0.407,0.091,0.182,1.3,9.6,5.4,11.1,0,0,10.1,19.2,,0,0,0,-0.016,,-4.1,-1.1,-5.2,-0.1
46,Jim Chones,PF,31,LAL,82,2562,11.8,0.528,0.005,0.257,8.1,19.1,13.9,7.4,0.7,2,16,15.6,,1.5,3.2,4.7,0.088,,-2,-0.1,-2.1,-0.1
47,Art Collins,SG,26,ATL,29,395,4.3,0.409,0.02,0.364,5.4,6.5,6,8.6,1.3,0.2,21.8,15.4,,-0.6,0.2,-0.4,-0.054,,-4.4,-1.4,-5.8,-0.4
48,Don Collins,SF,22,TOT,81,1845,14.5,0.5,0.007,0.335,7.8,8.5,8.1,15.7,2.7,0.8,15.8,24.6,,0.6,2,2.6,0.068,,-0.9,0.5,-0.5,0.7
48,Don Collins,SF,22,ATL,47,1184,15,0.496,0.006,0.306,9.2,8.9,9.1,15.4,2.8,0.6,15.1,24.8,,0.7,1,1.8,0.072,,-0.5,-0.1,-0.6,0.4
48,Don Collins,SF,22,WSB,34,661,13.6,0.507,0.011,0.391,5.2,7.7,6.4,16.2,2.5,1.1,16.9,24.1,,-0.1,0.9,0.8,0.062,,-1.7,1.5,-0.2,0.3
49,Doug Collins,SG,29,PHI,12,329,13.1,0.533,0,0.23,2.1,7.1,4.8,17.6,1,0.7,13.7,19.7,,0.3,0.4,0.7,0.105,,-0.6,-0.3,-0.9,0.1
50,Darwin Cook,SG,22,NJN,81,1980,15,0.503,0.031,0.22,5.3,8.2,6.7,21.9,3.2,1,16.4,21.4,,0.6,2.1,2.7,0.065,,-0.2,1.1,0.9,1.4
51,Jeff Cook,SF,24,PHO,79,2192,11.2,0.491,0.008,0.252,8.7,14.7,11.7,11.8,1.7,1.4,17.6,14.8,,0.6,3.8,4.5,0.098,,-1.5,1.2,-0.3,1
52,Michael Cooper,SG,24,LAL,81,2625,12.2,0.53,0.029,0.228,5.3,8.4,6.9,15.2,2.4,1.6,18.6,13.5,,2,3,5,0.092,,-0.6,1.5,0.9,1.9
53,Wayne Cooper,C,24,UTA,71,1420,12.2,0.479,0.006,0.191,13.6,21.9,17.8,5.3,0.6,2.1,13.1,17.8,,0.5,1,1.5,0.051,,-2.5,-2,-4.5,-0.9
54,Dave Corzine,C,24,SAS,82,1960,16.5,0.52,0.004,0.234,13.2,21.7,17.7,8.4,1,2.7,13.7,19.3,,2.6,2.5,5.1,0.125,,0.3,-0.7,-0.4,0.8
55,Charlie Criss,PG,32,ATL,66,1708,13,0.54,0.043,0.441,1.7,5,3.4,23.8,1.7,0.1,18.8,17.3,,1.8,0.7,2.5,0.07,,0.1,-1.2,-1.2,0.4
56,Geoff Crompton,C,25,POR,6,33,11,0.441,0,0.625,23,36.4,29.7,7.4,0,3.3,32.9,18.3,,-0.1,0.1,0,-0.029,,-4.1,-0.4,-4.4,0
57,Pat Cummings,C,24,MIL,74,1084,15.2,0.57,0.004,0.304,10.2,19.4,14.9,8,1.3,1,17.9,23,,1,1.7,2.7,0.121,,-1.4,-0.6,-2,0
58,Earl Cureton,C,23,PHI,52,528,13.8,0.47,0.005,0.312,11.4,20,16,6.4,1.8,2.4,11.1,20,,0.1,1.1,1.2,0.109,,-1.9,0.4,-1.5,0.1
59,Bob Dandridge,SF,33,WSB,23,545,11.6,0.452,0.004,0.165,3.6,12.4,8,15.5,1.4,0.9,11.5,21.2,,-0.2,0.7,0.5,0.044,,-2.2,0.8,-1.4,0.1
60,Adrian Dantley*,SF,25,UTA,80,3417,24.3,0.622,0.004,0.482,6.5,10.5,8.5,16.3,1.6,0.3,12.5,28.4,,12.3,1.3,13.6,0.191,,5.7,-1.4,4.3,5.4
61,Brad Davis,PG,25,DAL,56,1686,16.4,0.626,0.041,0.498,1.9,8.5,5.1,33.9,1.5,0.4,19.8,15.4,,3.8,0.4,4.2,0.119,,1.4,-0.9,0.5,1.1
62,Johnny Davis,PG,25,IND,76,2536,15.2,0.522,0.036,0.326,2.3,5,3.7,26.4,1.8,0.3,13.7,19.2,,4.1,1.6,5.7,0.107,,0.7,-1,-0.3,1.1
63,Monti Davis,PF,22,TOT,2,10,4.5,0.208,0,1,21.9,22,22.5,0,0,5.7,0,30,,-0.1,0,-0.1,-0.311,,-4.7,-0.4,-5.1,0
63,Monti Davis,PF,22,PHI,1,2,44.2,1,0,0,0,50.9,27.3,0,0,0,0,20.2,,0,0,0,0.455,,-4.4,0.1,-4.4,0
63,Monti Davis,PF,22,DAL,1,8,-5.4,0.081,0,1.25,27.4,14.8,21.3,0,0,7.1,0,32.4,,-0.1,0,-0.1,-0.503,,-4.8,-0.5,-5.3,0
64,Ron Davis,SF,26,SDC,64,817,11.8,0.488,0.025,0.503,6.4,10.7,8.5,8.1,2.1,0.8,13.7,22.2,,0,0.6,0.6,0.035,,-2.2,-1,-3.2,-0.3
65,Walter Davis,SG,26,PHO,78,2182,18.4,0.579,0.015,0.227,3.2,6.8,5.1,21.8,2,0.3,15.5,25.6,,4,3.2,7.1,0.157,,1.8,0.1,1.9,2.1
66,Darryl Dawkins,C,24,PHI,76,2088,15.9,0.641,0,0.436,6,21.4,14.2,7.3,0.8,3,20.9,20.3,,2.2,4.1,6.3,0.145,,-1.3,1.3,0.1,1.1
67,Larry Demic,PF,23,NYK,76,964,10.4,0.533,0.008,0.362,13,15.8,14.4,3.9,0.6,0.8,16.5,14.8,,0.8,0.8,1.6,0.081,,-2.5,-1.5,-4,-0.5
68,Coby Dietrick,C,32,CHI,82,1243,11.8,0.503,0.019,0.347,7.6,16.4,12.1,12.6,1.8,2.4,19.3,15,,0.5,1.5,2.1,0.08,,-1.3,1.5,0.2,0.7
69,James Donaldson,C,23,SEA,68,980,15.9,0.574,0,0.714,12.3,22.2,17.3,6,0.4,4.1,17.9,15.8,,1.1,1.4,2.5,0.124,,0.2,0.5,0.8,0.7
70,Jacky Dorsey,SF,26,SEA,29,253,5.4,0.327,0,0.357,10.2,27.6,19.1,4.6,1.7,0.2,14.7,15.3,,-0.5,0.4,-0.1,-0.01,,-5.8,-0.7,-6.5,-0.3
71,Leon Douglas,C,26,KCK,79,1356,12.5,0.583,0.009,0.576,12.4,19.1,15.7,6.7,0.9,1.6,18.2,15.1,,1.6,1.6,3.2,0.112,,-2.1,-0.3,-2.5,-0.2
72,John Drew,SF,26,ATL,67,2075,19.2,0.539,0.006,0.526,7.9,13.3,10.6,6.5,2.3,0.4,12.6,30.9,,3.5,1.9,5.4,0.124,,1,-1.3,-0.3,0.9
73,Larry Drew,PG,22,DET,76,1581,9.3,0.464,0.035,0.275,1.7,7.5,4.4,22.7,2.6,0.3,23.4,18.1,,-1.6,1.6,0,-0.001,,-3.5,-0.2,-3.7,-0.7
74,Ralph Drollinger,C,26,DAL,6,67,5.3,0.476,0,0.286,8.2,24.7,16.1,29.6,0.7,1.7,45.2,17.9,,-0.2,0.1,-0.2,-0.117,,-5,0.8,-4.1,-0.1
75,Terry Duerod,SG-SF,24,TOT,50,451,13.8,0.49,0.068,0.175,4.2,7,5.5,13.3,1.8,0.5,12.2,26.4,,0,0.2,0.2,0.018,,-0.9,-1.3,-2.1,0
75,Terry Duerod,SF,24,DAL,18,337,13.7,0.486,0.037,0.168,4.9,8.4,6.6,15.1,1.7,0.7,12.6,24.6,,-0.1,0.1,0,0.004,,-0.3,-1.4,-1.7,0
75,Terry Duerod,SG,24,BOS,32,114,14.3,0.499,0.137,0.192,2.1,2.9,2.5,8.2,2.1,0,11.2,31.8,,0,0.1,0.1,0.058,,-2.5,-1,-3.5,0
76,Mike Dunleavy,SG,26,HOU,74,1609,15,0.544,0.025,0.294,1.9,6.3,4.1,23.5,1.9,0.1,16.1,21.5,,2.1,0.9,3,0.091,,-0.1,-0.8,-0.9,0.5
77,T.R. Dunn,SG,25,DEN,82,1427,10.2,0.456,0.006,0.342,9.3,12.3,10.8,6.7,2,1,12.1,12.1,,0.7,0.8,1.6,0.052,,-0.9,-0.1,-1,0.3
78,John Duren,PG,22,UTA,40,458,2.6,0.338,0.01,0.089,2,6.7,4.4,15.3,1.9,0.3,26.1,13.3,,-1.1,0.2,-0.9,-0.099,,-6.6,-0.9,-7.5,-0.6
79,James Edwards,C,25,IND,81,2375,18.2,0.547,0.003,0.346,8.5,18,13.1,13.3,0.6,3.1,12.4,22.3,,4.4,2.6,7,0.141,,1.2,0.1,1.3,2
80,Bob Elliott,C,25,NJN,73,1320,12.3,0.541,0.005,0.482,8.7,13.7,11.2,13.7,1.2,0.7,19,18.8,,0.6,0.9,1.6,0.057,,-1.2,-0.8,-1.9,0
81,Len Elmore,C,28,MIL,72,925,8.6,0.42,0,0.354,8.4,16.3,12.4,8.7,1.9,3.2,15.2,12.2,,0,1.6,1.6,0.083,,-3.5,2.1,-1.4,0.1
82,Alex English*,SF,27,DEN,81,3093,19.7,0.549,0.003,0.295,8.8,12.6,10.7,13.4,1.5,1.6,12.1,24,,6.7,1.6,8.3,0.129,,3.1,-1,2.2,3.2
83,Julius Erving*,SF,30,PHI,82,2874,25.1,0.572,0.012,0.352,10,14.6,12.5,19.8,2.8,2.8,13.1,28.4,,7.8,6.1,13.8,0.231,,5.2,2.3,7.5,6.9
84,Mike Evans,PG,25,MIL,71,911,11.1,0.501,0.048,0.22,2.7,7.7,5.3,23.1,1.7,0.2,18.4,16.8,,0.6,1,1.6,0.082,,-1.7,-0.1,-1.8,0
85,Eric Fernsten,C,27,BOS,45,279,11,0.521,0,0.38,12.4,12.9,12.7,4.7,1,1.4,17.8,16.4,,0.1,0.3,0.5,0.079,,-1.9,-0.6,-2.4,0
86,Chris Ford,SG,32,BOS,82,2723,8.8,0.488,0.154,0.123,3.1,3.7,3.4,13.7,1.7,0.5,14.6,13,,1.3,2.4,3.7,0.066,,-1.5,0.6,-0.9,0.7
87,Don Ford,SF,28,CLE,64,996,8.2,0.473,0.013,0.107,7.8,10.5,9.1,10.6,0.7,0.7,17.3,11.4,,0.3,0.3,0.6,0.028,,-2,-0.8,-2.8,-0.2
88,Phil Ford,PG,24,KCK,66,2287,17.3,0.553,0.041,0.399,1.3,4.9,3.1,35.5,2.1,0.1,18.8,23.3,,3.4,1.9,5.2,0.11,,1.8,-1.3,0.5,1.4
89,World B. Free,SG,27,GSW,65,2370,19.5,0.542,0.027,0.561,2.2,5.3,3.7,22.3,1.7,0.3,11.9,27.4,,6.8,0.6,7.4,0.15,,2.9,-1.4,1.5,2.1
90,Tony Fuller,SG,22,DET,15,248,6.9,0.411,0.015,0.242,5.8,14.4,9.8,15.6,1.9,0.2,23.9,15.7,,-0.4,0.3,-0.1,-0.021,,-4,0,-4,-0.2
91,Mike Gale,PG,30,TOT,77,1112,13.7,0.547,0.023,0.22,1.6,8,4.8,19.6,3.9,0.3,18.5,14.8,,1,1.4,2.4,0.105,,-1.5,2.3,0.8,0.8
91,Mike Gale,PG,30,SAS,35,636,13.4,0.547,0.018,0.159,1.3,7.4,4.5,20.3,4,0.2,18.2,13.4,,0.6,0.8,1.4,0.107,,-1.4,2.4,1,0.5
91,Mike Gale,PG,30,POR,42,476,13.9,0.547,0.028,0.29,2.1,8.7,5.4,18.5,3.8,0.6,18.9,16.8,,0.4,0.6,1,0.102,,-1.8,2.3,0.5,0.3
92,Calvin Garrett,SF,24,HOU,70,1638,8.8,0.483,0.007,0.149,5.7,12.3,9,10.2,1.5,0.3,16.9,13.2,,0.2,1.2,1.4,0.04,,-2.2,-0.2,-2.3,-0.1
93,Gus Gerard,SF,27,TOT,27,252,12.5,0.424,0.036,0.36,13.4,15.7,14.6,8.1,1.9,2,10.4,23.1,,0,0.3,0.3,0.058,,-3.2,-0.5,-3.7,-0.1
93,Gus Gerard,SF,27,KCK,16,123,12.2,0.447,0.059,0.569,11.8,14.4,13.1,6.5,1.2,2.8,9.9,23.8,,0,0.1,0.2,0.061,,-3.7,-0.5,-4.2,-0.1
93,Gus Gerard,SF,27,SAS,11,129,12.8,0.401,0.017,0.183,15,17,16,9.5,2.5,1.2,11,22.4,,0,0.2,0.1,0.055,,-2.7,-0.6,-3.3,0
94,George Gervin*,SG,28,SAS,82,2765,22.9,0.555,0.02,0.359,5.2,11.1,8.2,15.8,1.6,1.1,11.1,32.3,,8.1,2.4,10.5,0.182,,4.2,-1.2,2.9,3.5
95,Artis Gilmore*,C,31,CHI,82,2832,21.7,0.699,0,0.652,9.2,23.5,16.7,8.9,0.8,4,18.4,18.5,,8.4,3.9,12.3,0.208,,3.1,1.2,4.3,4.5
96,Mike Glenn,PG,25,NYK,82,1506,15,0.601,0.022,0.215,2,4.8,3.3,10.3,2.3,0.2,10,16.8,,3.1,1.3,4.4,0.139,,0.1,0.8,0.9,1.1
97,Mike Gminski,C,21,NJN,56,1579,14.5,0.474,0.001,0.294,9.6,20.6,15,6.6,1.6,3.6,14.1,22.7,,-0.5,2,1.5,0.045,,-1.6,-0.3,-1.8,0.1
98,Glen Gondrezick,PF,25,DEN,73,1077,16.3,0.542,0.006,0.416,12.6,16.6,14.5,9.6,3.7,0.9,15.1,15.8,,1.8,1.3,3.1,0.136,,0.3,1.4,1.7,1
99,Rickey Green,PG,26,UTA,47,1307,13.6,0.516,0.003,0.265,2.7,7.5,5.1,25.3,2.8,0,16.9,16.2,,1,0.7,1.8,0.065,,-1.2,0,-1.2,0.3
100,Dave Greenwood,PF,23,CHI,82,2710,16.6,0.528,0.002,0.293,10.7,19.4,15.2,11.6,1.4,2.6,14.7,19.7,,3.8,3.4,7.1,0.126,,0.8,0.4,1.2,2.2
101,Kevin Grevey,SG,27,WSB,75,2616,14.5,0.524,0.123,0.263,2.7,6.2,4.4,16.2,1.2,0.4,10.5,21.1,,3.4,2.4,5.8,0.107,,0.5,0.1,0.6,1.7
102,Paul Griffin,PF,27,SAS,82,1930,13.8,0.575,0,0.778,10.8,17.4,14.2,15.8,1.9,1.1,23.2,11.7,,2.6,2.3,4.9,0.122,,0.8,1,1.8,1.8
103,Darrell Griffith,SG,22,UTA,81,2867,14.7,0.496,0.034,0.207,3.2,8.3,5.8,11.4,1.8,0.8,12.1,28.8,,-0.8,1.1,0.4,0.006,,-1,-2.2,-3.2,-0.9
104,Bob Gross,SF,27,POR,82,1934,14,0.584,0.019,0.332,7.1,11.4,9.2,16,2.2,1.9,21.6,14.3,,2.3,2.1,4.4,0.11,,0.3,1.3,1.7,1.8
105,Ernie Grunfeld,SF,25,KCK,79,1584,13.7,0.561,0,0.208,2.2,12.2,7.2,17.6,1.8,0.5,14.2,16.2,,1.8,1.7,3.5,0.106,,-0.7,0.8,0.1,0.8
106,Roy Hamilton,PG,23,POR,1,5,10.4,0.387,0,0.667,43.4,21.8,32.6,0,0,0,20.5,38.7,,0,0,0,-0.127,,-4.6,-0.2,-4.8,0
107,Bill Hanzlik,SF,23,SEA,74,1259,11,0.558,0.017,0.519,6,7.3,6.7,12,2.2,0.9,19.1,14.2,,1.1,1.3,2.4,0.091,,-1.9,1.1,-0.7,0.4
108,Alan Hardy,SG,23,LAL,22,111,7.5,0.402,0,0.169,8.3,10.1,9.3,3.6,0.4,4.3,14.8,26.9,,-0.3,0.1,-0.2,-0.072,,-5.1,-1.2,-6.3,-0.2
109,James Hardy,PF,24,UTA,23,509,11.9,0.48,0,0.18,8.9,20.9,15,9.5,2,2.3,16.1,12.1,,0.1,0.5,0.7,0.064,,-1.3,0.9,-0.4,0.2
110,Mike Harper,PF,23,POR,55,461,8.4,0.43,0.022,0.625,6.6,15.4,11,4.5,2.3,2.4,15.6,17.7,,-0.6,0.6,0.1,0.006,,-4.8,0.4,-4.4,-0.3
111,Joe Hassett,SG,25,TOT,41,714,14.2,0.51,0.459,0.062,3.7,7,5.3,15.3,0.9,0.2,5.9,21.1,,1.4,0,1.4,0.097,,2.1,-1.6,0.5,0.4
111,Joe Hassett,SG,25,DAL,17,280,11.6,0.467,0.282,0.092,4.3,5.9,5.1,10.7,0.9,0,6.9,23.7,,0.1,0,0,0.007,,-1,-2.4,-3.3,-0.1
111,Joe Hassett,SG,25,GSW,24,434,16,0.541,0.586,0.04,3.3,7.8,5.5,18.2,0.9,0.3,5.2,19.4,,1.3,0.1,1.4,0.156,,4.1,-1.2,2.9,0.5
112,Steve Hawes,C,30,ATL,74,2309,14.7,0.585,0.006,0.436,8.1,19.9,13.9,10.7,1.5,0.8,17.5,16.5,,3.4,2.3,5.7,0.119,,0.2,0.2,0.4,1.4
113,Elvin Hayes*,PF,35,WSB,81,2931,14.9,0.483,0.008,0.339,8.4,20,14.1,4.8,1.1,3.2,11.3,23,,0.1,4.9,5.1,0.083,,-1.6,0.6,-1.1,0.7
114,Gar Heard,PF,32,SDC,78,1631,10.9,0.428,0.018,0.255,8.2,17.1,12.4,9.5,3.1,2.6,15.5,13,,-0.2,2.2,2,0.059,,-2.1,2,-0.2,0.8
115,Gerald Henderson,PG,25,BOS,82,1608,10.4,0.491,0.028,0.271,3.2,6.1,4.7,17.8,2.3,0.4,19.8,20.5,,-0.6,1.8,1.3,0.037,,-2.8,0.2,-2.6,-0.2
116,Tom Henderson,SG,29,HOU,66,1411,10.9,0.471,0.009,0.286,2.4,5.9,4.1,27,1.8,0.2,19.9,13.4,,0.8,0.8,1.5,0.052,,-1.3,-0.6,-1.8,0.1
117,Keith Herron,SG,24,DET,80,2270,13.4,0.511,0.012,0.28,4.7,6.1,5.4,10.4,1.9,0.7,12.5,21.8,,1.6,1.9,3.5,0.074,,-0.6,-0.6,-1.3,0.4
118,Kenny Higgs,PG,26,DEN,72,1689,11.9,0.511,0.072,0.363,1.4,7.5,4.4,29.3,2.6,0.2,23.2,15.7,,0.7,0.9,1.5,0.043,,-1.9,-0.5,-2.4,-0.2
119,Johnny High,PG,23,PHO,81,1750,10.8,0.489,0.042,0.458,5.7,8.6,7.2,15,3.4,0.8,21.4,19.6,,-0.8,3.3,2.5,0.069,,-3.4,1.9,-1.5,0.2
120,Armond Hill,PG,27,TOT,75,1738,8,0.457,0.021,0.513,2.7,7.5,5.1,21.8,1.8,0.4,23.6,12.7,,-0.3,1.3,1,0.028,,-3.4,0.2,-3.2,-0.5
120,Armond Hill,PG,27,ATL,24,624,7.2,0.435,0.009,0.431,1.8,7.6,4.7,24.8,2,0.3,29.6,13,,-0.5,0.4,-0.2,-0.013,,-3.4,-0.5,-3.9,-0.3
120,Armond Hill,PG,27,SEA,51,1114,8.4,0.468,0.027,0.557,3.1,7.4,5.3,20.2,1.7,0.4,20.2,12.5,,0.3,0.9,1.2,0.052,,-3.4,0.6,-2.9,-0.2
121,Brad Holland,SG,24,LAL,41,295,9.8,0.49,0.027,0.441,3.5,6.9,5.3,9.8,3.3,0.2,19,22.3,,-0.2,0.4,0.1,0.024,,-4.8,0.2,-4.6,-0.2
122,Lionel Hollins,PG,27,PHI,82,2154,11,0.506,0.022,0.246,2.6,6.8,4.8,21.4,2.2,0.5,21.2,18.3,,-0.3,3.1,2.9,0.064,,-2.2,0.6,-1.6,0.2
123,Cedrick Hordges,PF,24,DEN,68,1599,10.7,0.509,0.006,0.388,7.5,22.1,14.6,8,0.9,0.6,17.6,15.8,,0.5,1,1.5,0.044,,-2.3,-1,-3.3,-0.5
124,Phil Hubbard,PF,24,DET,80,2289,15.4,0.544,0.003,0.484,11.3,18.9,14.9,10.4,1.7,0.5,17.7,22.9,,1.8,2.7,4.5,0.094,,-0.7,-0.7,-1.4,0.3
125,Kim Hughes,C,28,TOT,53,490,6.3,0.388,0,0.029,10.1,18,13.9,8.3,2.6,3.9,38.3,9.2,,-0.7,0.6,-0.1,-0.007,,-5.4,2.2,-3.2,-0.1
125,Kim Hughes,C,28,DEN,8,159,10.3,0.444,0,0.08,11.9,20.4,16,7.9,3,4.5,29.8,8.6,,0,0.2,0.2,0.057,,-2.8,1.8,-1.1,0.1
125,Kim Hughes,C,28,CLE,45,331,4.4,0.356,0,0,9.2,16.9,12.9,8.5,2.4,3.6,42.3,9.5,,-0.7,0.4,-0.3,-0.038,,-6.7,2.4,-4.3,-0.2
126,Geoff Huston,PG,23,TOT,81,2434,13.4,0.518,0.005,0.225,2,4.5,3.2,25.1,1.2,0.2,14.7,20.7,,1.7,0,1.7,0.034,,0,-2.2,-2.2,-0.1
126,Geoff Huston,PG,23,DAL,56,1892,13.4,0.516,0.005,0.234,1.9,4.1,3,24.1,1.2,0.2,14.5,22.5,,0.9,0,0.8,0.021,,-0.1,-2.4,-2.5,-0.2
126,Geoff Huston,PG,23,CLE,25,542,13.4,0.528,0.007,0.176,2.3,5.8,4,28.5,1.1,0.1,15.8,14.5,,0.8,0.1,0.9,0.078,,0.2,-1.4,-1.2,0.1
127,Dan Issel*,C,32,DEN,80,2641,21.7,0.575,0.01,0.561,8.6,17.7,13.1,8.4,1.4,1,7.9,23.2,,8.9,1.6,10.5,0.19,,3.7,-1.1,2.7,3.1
128,Tony Jackson,PG,23,LAL,2,14,12.9,0.333,0,0,0,14.6,7.7,16.2,6.7,0,0,8.6,,0,0,0,0.124,,-4.3,0.6,-3.6,0
129,Abdul Jeelani,SF,26,DAL,66,1108,15.5,0.515,0.002,0.5,8.2,15.7,11.8,9.2,1.9,1.6,13.9,23.5,,0.8,0.8,1.6,0.07,,-0.5,-0.7,-1.2,0.2
130,Clemon Johnson,C,24,IND,81,1643,15.6,0.53,0.002,0.406,11.1,20.2,15.5,11.8,1.3,4.1,18.1,16.3,,1.4,2.3,3.7,0.108,,-0.2,1.2,1,1.3
131,Dennis Johnson*,PG,26,PHO,79,2615,17,0.516,0.042,0.411,6.9,8.4,7.7,15.8,2.4,1.3,12.6,24.6,,4,4.4,8.4,0.154,,1,0.8,1.8,2.5
132,Eddie Johnson,SG,25,ATL,75,2693,17.9,0.554,0.018,0.313,2.5,5.1,3.8,24.7,2.3,0.2,13.2,22.9,,5.3,1.5,6.9,0.122,,2.1,-0.5,1.6,2.4
133,George Johnson,C,32,SAS,82,1935,13.5,0.517,0,0.314,12.6,20.9,16.9,5.8,1.1,7.7,21.8,10.4,,1.1,3.4,4.5,0.112,,-1.4,3,1.6,1.8
134,George Johnson,PF,24,IND,43,930,17.4,0.51,0.013,0.31,11.3,21.6,16.3,13.4,2.4,1.4,16,22.9,,0.7,1.4,2.2,0.112,,0.1,0.3,0.4,0.6
135,John Johnson,SF,33,SEA,80,2324,11.3,0.479,0.001,0.247,6.5,10.5,8.6,19.6,1.2,0.6,19.3,20.9,,-0.8,2,1.2,0.025,,-1.4,-0.9,-2.4,-0.2
136,Lee Johnson,PF,23,TOT,12,90,0.8,0.313,0,0.2,7.4,20.2,13.7,1.4,0,3.1,20.5,15.4,,-0.3,0.1,-0.2,-0.095,,-5.8,-0.6,-6.4,-0.2
136,Lee Johnson,PF,23,HOU,10,80,1.5,0.337,0,0.217,8.3,19.7,13.9,1.5,0,3.5,21.7,16.3,,-0.2,0.1,-0.2,-0.091,,-5.9,-0.6,-6.5,-0.2
136,Lee Johnson,PF,23,DET,2,10,-4.7,0,0,0,0,24.7,11.6,0,0,0,0,8.1,,0,0,0,-0.132,,-4.8,-0.2,-5,0
137,Magic Johnson*,SG,21,LAL,37,1371,25.7,0.582,0.029,0.383,8.5,16.4,12.7,31.8,4.3,1,17.2,24.3,,3.8,2.6,6.4,0.225,,5.6,3.3,8.8,3.8
138,Marques Johnson,SF,24,MIL,76,2542,22,0.583,0.008,0.33,10.1,12.4,11.3,19.7,2.1,0.9,12.6,23.3,,7.6,3.6,11.2,0.211,,5.1,0.5,5.6,4.9
139,Mickey Johnson,PF,28,MIL,82,2118,16.3,0.516,0.021,0.392,9.8,18.4,14.2,17.7,2.1,1.9,18.8,22.6,,1.6,3.7,5.3,0.121,,0.3,1.1,1.4,1.8
140,Ollie Johnson,SF,31,PHI,40,372,16.7,0.588,0.038,0.196,2.5,12.9,8.1,11.8,2.5,0.3,12.7,21.3,,0.6,0.7,1.3,0.161,,-0.4,1.4,1,0.3
141,Reggie Johnson,PF,23,SAS,79,1716,12.9,0.527,0.001,0.283,8.8,13.7,11.4,6.5,1.2,1.5,14.5,20.7,,1.4,1.6,3,0.085,,-2.1,-1.1,-3.2,-0.5
142,Vinnie Johnson,PG,24,SEA,81,2311,16.8,0.583,0.006,0.344,9.4,8,8.7,22.2,1.6,0.5,19.3,19.7,,4,1.9,5.9,0.122,,2.1,-0.3,1.9,2.3
143,Bobby Jones*,PF,29,PHI,81,2046,20.1,0.604,0.004,0.46,8.2,14.6,11.6,15.4,2.2,2,14.1,20.8,,5.4,3.9,9.2,0.217,,2.7,2,4.7,3.5
144,Caldwell Jones,C,30,PHI,81,2639,10.1,0.512,0,0.398,8.9,23.6,16.8,5.5,0.9,2.8,22.8,11.3,,0.1,5.4,5.5,0.1,,-2.1,1.5,-0.6,0.9
145,Dwight Jones,PF,28,CHI,81,1574,13.1,0.532,0,0.318,9.6,19,14.5,8.8,1.2,1.3,17.9,18.2,,1.2,1.7,2.9,0.089,,-1.2,-0.4,-1.5,0.2
146,Edgar Jones,PF,24,NJN,60,950,17.6,0.578,0.011,0.611,10.7,20.8,15.6,6.7,1.7,4.8,18.2,23,,0.9,1.4,2.3,0.116,,-1.5,1.2,-0.3,0.4
147,Major Jones,PF,27,HOU,68,1003,10.3,0.503,0.004,0.401,10.6,15.5,13,5.2,0.9,1.3,16.1,14.3,,0.5,0.8,1.2,0.06,,-1.9,-1,-2.9,-0.2
148,Eddie Jordan,PG,26,TOT,74,1226,10.4,0.482,0.063,0.361,2.8,5.8,4.4,24.1,3.7,0.3,26,18,,-0.9,1.5,0.6,0.024,,-3.4,0.8,-2.6,-0.1
148,Eddie Jordan,PG,26,NJN,14,239,13.3,0.5,0.137,0.438,2.3,6.3,4.2,25.6,4.6,0.2,20.9,18.2,,0,0.3,0.3,0.065,,-2,1.8,-0.2,0.1
148,Eddie Jordan,PG,26,LAL,60,987,9.7,0.477,0.043,0.341,2.9,5.7,4.4,23.7,3.5,0.4,27.2,17.9,,-0.9,1.2,0.3,0.014,,-3.8,0.6,-3.2,-0.3
149,Walter Jordan,SF,24,CLE,30,207,8.5,0.412,0,0.227,11.7,10.7,11.2,7,2.5,1.4,17.1,19.3,,-0.3,0.2,-0.1,-0.021,,-4.2,-0.3,-4.6,-0.2
150,Jeff Judkins,SF,24,UTA,62,666,11.1,0.499,0.13,0.236,5.1,10.9,8,12.5,1.2,0.2,11.2,17.4,,0.5,0.2,0.7,0.052,,-1.6,-1.5,-3.1,-0.2
151,Clarence Kea,PF,21,DAL,16,199,17.3,0.54,0.012,0.765,15.4,23.1,19.1,4,1.5,0.3,12.9,26.1,,0.3,0.2,0.5,0.12,,-1.7,-1.7,-3.4,-0.1
152,Rich Kelley,C,27,PHO,81,1686,14.4,0.58,0.005,0.597,8.7,19.9,14.4,21.1,2.1,2.1,30,16.1,,0.7,3.6,4.3,0.121,,-0.5,2.9,2.3,1.9
153,Greg Kelser,SF,23,DET,25,654,11.8,0.464,0.007,0.372,8.9,12.6,10.7,10.8,2.5,2.6,19,25.3,,-0.9,0.9,0,-0.002,,-3.1,0.2,-3,-0.2
154,Larry Kenon,SF,28,CHI,77,2161,15.2,0.516,0,0.259,9.9,11.1,10.5,8.4,1.7,0.5,13.3,22.9,,2.4,1.8,4.1,0.092,,0.4,-1.6,-1.1,0.5
155,Chad Kinch,SG,22,TOT,41,353,7,0.396,0,0.128,2.1,8.6,5.2,17.5,1.5,1,16.8,20.6,,-0.7,0.1,-0.5,-0.071,,-4,-0.8,-4.8,-0.3
155,Chad Kinch,SG,22,CLE,29,247,8,0.407,0,0.052,3,8,5.4,19,1.7,1.1,18.3,19.6,,-0.4,0.1,-0.3,-0.051,,-3.7,-0.6,-4.2,-0.2
155,Chad Kinch,SG,22,DAL,12,106,4.8,0.375,0,0.289,0,10,4.8,13.9,0.9,0.5,13.6,23.2,,-0.3,0,-0.3,-0.115,,-4.9,-1.3,-6.2,-0.2
156,Bernard King*,SF,24,GSW,81,2914,19.9,0.617,0.005,0.351,6.7,14.4,10.5,15.1,1.2,0.7,15.6,23.2,,7.7,1.4,9.1,0.15,,3.5,-0.7,2.8,3.6
157,Reggie King,PF,23,KCK,81,2743,16.9,0.583,0,0.445,9.6,22.2,15.9,6.1,1.8,0.9,13.7,18.1,,4.4,3.9,8.3,0.145,,0.8,-0.2,0.6,1.8
158,Billy Knight,SG,28,IND,82,2385,19.9,0.596,0.019,0.4,8.5,10.3,9.4,10,1.7,0.3,12.8,23.2,,6.5,1.9,8.4,0.17,,3.4,-1.2,2.2,2.5
159,Joel Kramer,PF,25,PHO,82,1065,11.8,0.562,0.004,0.353,8.1,15.8,12,10.6,1.5,0.9,18.4,13.4,,1,1.8,2.9,0.129,,-1.3,1.2,-0.1,0.5
160,Wayne Kreklow,SG,24,BOS,25,100,-1.9,0.292,0.085,0.213,2.4,10.9,6.8,11.3,1,0.6,16.3,25,,-0.5,0.1,-0.3,-0.167,,-7.4,-1.3,-8.8,-0.3
161,Kevin Kunnert,C,29,POR,55,842,12.7,0.509,0,0.25,12.6,24.5,18.5,9.7,0.9,2.1,17.3,13.6,,0.8,1.1,1.9,0.106,,-1.6,0.2,-1.4,0.1
162,Mitch Kupchak,PF,26,WSB,82,1934,16.6,0.571,0.001,0.455,10.7,20.3,15.5,4.6,0.9,0.7,15.2,22,,2.5,2.7,5.2,0.13,,0.1,-0.4,-0.3,0.8
163,Sam Lacey,C,32,KCK,82,2228,13.5,0.483,0.009,0.218,6.6,22.5,14.6,22.5,2,3.1,23.7,14.3,,0.2,3.8,4,0.086,,-0.9,3.5,2.6,2.6
164,Tom LaGarde,C,25,DAL,82,2670,13.5,0.518,0,0.5,7.3,21.6,14.2,13.6,0.6,1,16,20.2,,1.3,1.4,2.7,0.048,,-0.9,-0.9,-1.9,0.1
165,Bill Laimbeer,C,23,CLE,81,2460,14.2,0.536,0,0.228,11.4,20.2,15.6,11.5,1.1,1.8,15.2,14.2,,3.4,2,5.4,0.104,,-0.3,0.3,0,1.3
166,John Lambert,PF,28,TOT,46,483,8.4,0.44,0.012,0.139,6.5,14.9,10.7,7.7,1.2,0.6,9.8,16.6,,-0.1,0.5,0.4,0.039,,-4.2,-0.6,-4.8,-0.3
166,John Lambert,PF,28,CLE,3,8,24.5,0.6,0,0,13.2,29.1,20.7,71.6,0,0,28.6,35.2,,0,0,0,0.106,,-4.2,0.2,-4,0
166,John Lambert,PF,28,KCK,43,475,8.1,0.435,0.013,0.144,6.4,14.7,10.5,6.6,1.2,0.6,9.1,16.3,,-0.1,0.5,0.4,0.038,,-4.2,-0.6,-4.8,-0.3
167,Mark Landsberger,PF,25,LAL,69,1086,12.5,0.516,0.003,0.355,16.1,21.2,18.8,3.1,0.8,0.3,14.7,16.4,,0.9,1.3,2.2,0.099,,-1.5,-2.5,-4,-0.5
168,Bob Lanier*,C,32,MIL,67,1753,19.7,0.573,0.001,0.387,8.3,17.5,13,14,1.9,2.6,14.2,21.8,,3.7,3,6.8,0.185,,2.5,1.4,3.9,2.6
169,Edmund Lawrence,C,28,DET,3,19,19.4,0.615,0,0.5,11.6,13,12.2,9.5,2.5,0,9.3,22.9,,0.1,0,0.1,0.201,,-3.8,0.1,-3.7,0
170,Allen Leavell,PG,23,HOU,79,1686,13.9,0.523,0.031,0.272,2,6.9,4.4,30.4,2.7,0.5,23.5,19.3,,0.5,1.4,1.9,0.055,,-0.5,-0.2,-0.7,0.6
171,Ron Lee,PG,28,DET,82,1829,9.9,0.435,0.04,0.483,3.9,10.5,7,26.1,4.3,0.9,30.6,12.5,,-1.5,2.9,1.4,0.037,,-3.8,3,-0.8,0.6
172,Ronnie Lester,PG,22,CHI,8,83,8.2,0.52,0,0.458,4.3,3.9,4.1,11.2,1.1,0,23.8,18.6,,0,0,0,0.008,,-3.2,-0.9,-4.1,-0.1
173,Scott Lloyd,C,28,DAL,72,2186,9.3,0.5,0.004,0.375,8.1,15.8,11.8,10.4,0.8,0.7,18.5,15,,0.2,0.7,1,0.021,,-2.6,-1.1,-3.7,-0.9
174,John Long,SG,24,DET,59,1750,15.6,0.503,0.011,0.192,6,7.2,6.5,10.7,2.6,0.7,12.7,27.5,,0.6,1.8,2.4,0.065,,-0.3,-0.5,-0.7,0.6
175,John Lucas,PG,27,GSW,66,1919,11.6,0.487,0.047,0.287,1.9,7,4.5,30.7,2.1,0.1,24.5,15.6,,0.6,0.7,1.3,0.032,,-0.6,-1.1,-1.7,0.2
176,Maurice Lucas,PF,28,NJN,68,2162,14.6,0.528,0.002,0.304,7.8,22.5,15,11.6,1.2,1.5,15.7,20.5,,1.2,2.3,3.5,0.078,,-0.8,-0.1,-0.9,0.6
177,Ollie Mack,SG,23,TOT,65,1682,12.8,0.483,0.015,0.206,6,9.7,7.8,15.1,1.6,0.2,9.6,18.2,,1.1,0.5,1.6,0.046,,-0.3,-0.9,-1.2,0.3
177,Ollie Mack,SG,23,CHI,3,16,-0.6,0.218,0,0.333,0,6.8,3.6,7.7,3,0,0,17.5,,0,0,0,-0.093,,-4.9,-0.1,-5,0
177,Ollie Mack,SG,23,DAL,62,1666,13,0.485,0.015,0.205,6.1,9.7,7.8,15.1,1.6,0.2,9.7,18.2,,1.2,0.5,1.7,0.048,,-0.2,-0.9,-1.1,0.4
178,Kyle Macy,PG,23,PHO,82,1469,14.5,0.567,0.096,0.224,3.4,6.5,5,15.1,2.4,0.2,14,18,,2.3,2.2,4.5,0.148,,-0.2,1.1,0.8,1.1
179,Rick Mahorn,PF,22,WSB,52,696,13.6,0.526,0,0.183,10,22.5,16.2,4.9,1.4,3.4,13.8,15.8,,0.4,1.3,1.8,0.123,,-2.7,2.1,-0.6,0.2
180,Moses Malone*,C,25,HOU,80,3245,25.1,0.585,0.002,0.52,16.1,24.5,20.3,6.6,1.2,2.6,14,27.6,,9.5,4.2,13.7,0.202,,4.5,-1.2,3.3,4.3
181,Wes Matthews,PG,21,TOT,79,2266,13.1,0.549,0.027,0.323,2.2,4.6,3.4,26.2,2.3,0.4,22.7,20.7,,0.7,1.9,2.6,0.055,,-0.9,-0.3,-1.2,0.5
181,Wes Matthews,PG,21,WSB,45,1161,12.6,0.546,0.033,0.287,2.7,3.4,3,24.3,1.9,0.5,22.8,22.6,,-0.2,1.2,1,0.041,,-1.2,-0.4,-1.6,0.1
181,Wes Matthews,PG,21,ATL,34,1105,13.6,0.553,0.018,0.373,1.6,5.9,3.7,28.2,2.7,0.4,22.6,18.6,,0.8,0.8,1.6,0.069,,-0.6,-0.2,-0.7,0.4
182,Cedric Maxwell,SF,25,BOS,81,2730,17.6,0.651,0.001,0.6,9.7,12.1,11,10.8,1.4,1.4,16,16.8,,7.6,3.3,11,0.193,,2.7,0.7,3.5,3.8
183,Scott May,SF,26,CHI,63,815,17.2,0.549,0,0.441,9.1,12.5,10.8,11.5,2,0.5,15,23.7,,1.4,0.8,2.2,0.127,,1,-0.7,0.3,0.5
184,Bill Mayfield,SF,23,GSW,7,54,6.8,0.45,0,0.111,14.2,4.2,9.2,2.5,0,1,13.7,16.1,,0,0,0,0,,-3.6,-1,-4.6,-0.1
185,Bob McAdoo*,PF,29,TOT,16,321,14.4,0.471,0.006,0.261,5.8,18.8,12,14.7,2.5,2.3,15.5,25.8,,-0.3,0.5,0.2,0.029,,-2,0.5,-1.4,0.1
185,Bob McAdoo*,PF,29,DET,6,168,11.5,0.396,0,0.244,5.9,23.5,14.2,18.6,2.3,2.4,16.5,26.2,,-0.4,0.3,-0.1,-0.035,,-2.8,0.5,-2.3,0
185,Bob McAdoo*,PF,29,NJN,10,153,17.6,0.552,0.013,0.28,5.8,13.6,9.6,10.4,2.7,2.2,14.3,25.4,,0.1,0.2,0.3,0.1,,-1.1,0.6,-0.4,0.1
186,Andre McCarter,PG,27,WSB,43,448,8.8,0.419,0.059,0.178,3.7,5.4,4.6,20.8,1.5,0,14.2,15.2,,-0.1,0.4,0.3,0.034,,-2.9,0.3,-2.6,-0.1
187,Keith McCord,SG,23,WSB,2,9,7.9,0.5,0,0,11.6,11.8,11.7,16.5,0,0,33.3,26.8,,0,0,0,-0.136,,-4.4,-0.2,-4.6,0
188,Jim McElroy,PG,27,ATL,54,680,5.9,0.45,0.04,0.292,1.7,6.5,4,17.4,1.4,0.8,25.7,18.7,,-1.2,0.3,-0.9,-0.062,,-4.2,-1.5,-5.8,-0.6
189,George McGinnis*,PF,30,IND,69,1845,14.9,0.482,0.009,0.501,9.4,22.2,15.6,16.4,2.6,0.9,19.1,25.1,,-1.1,2.9,1.7,0.045,,-1.6,0.2,-1.4,0.3
190,Kevin McHale*,PF,23,BOS,82,1645,16.4,0.556,0.003,0.239,11.2,13.6,12.4,4.8,0.8,5.1,13,20.9,,2.3,2.4,4.7,0.137,,-0.9,0.9,0.1,0.9
191,Billy McKinney,PG,25,TOT,84,2166,13.3,0.562,0.019,0.291,1.7,7.4,4.6,22.2,2.1,0.3,17.8,16.1,,2.6,0.8,3.4,0.075,,-1,-0.4,-1.4,0.3
191,Billy McKinney,PG,25,UTA,35,1032,11,0.576,0.009,0.206,1.3,6.8,4.1,21,1.8,0.2,21.6,13.5,,0.8,0.3,1.1,0.051,,-2,-0.7,-2.7,-0.2
191,Billy McKinney,PG,25,DEN,49,1134,15.5,0.554,0.024,0.34,2.1,7.9,4.9,23.3,2.4,0.3,15.7,18.4,,1.8,0.5,2.3,0.098,,0,-0.2,-0.2,0.5
192,Tom McMillen,C,28,ATL,79,1564,11.6,0.518,0.012,0.208,7,14.8,10.8,6.9,0.7,0.9,12.5,17.2,,1.2,0.9,2.2,0.066,,-1,-1.1,-2.1,-0.1
193,John Mengelt,SG,31,GSW,2,11,-5.9,0,0,0,0,0,0,20.2,0,0,0,14.4,,-0.1,0,-0.1,-0.247,,-4.7,-0.4,-5,0
194,Joe Meriweather,C,27,KCK,74,1514,12.4,0.55,0,0.513,9.3,19.5,14.4,6.7,0.8,3,19.7,17.3,,0.6,2,2.6,0.083,,-2.7,0.3,-2.4,-0.2
195,Dick Miller,SF,22,TOT,8,53,3.3,0.444,0.111,0,4.2,10.6,7.4,11.7,3.6,0,47.1,13.2,,-0.2,0.1,-0.1,-0.102,,-4.5,0.1,-4.3,-0.1
195,Dick Miller,SF,22,IND,5,34,4.4,0.333,0.167,0,3.1,9.9,6.4,14.2,4.2,0,40,11.8,,-0.1,0,-0.1,-0.071,,-4.3,0.3,-4,0
195,Dick Miller,SF,22,UTA,3,19,1.4,0.667,0,0,6.1,11.9,9.1,7.1,2.6,0,57.1,15.9,,-0.1,0,-0.1,-0.156,,-4.8,-0.1,-4.9,0
196,Mike Mitchell,SF,25,CLE,82,3194,17.5,0.513,0.005,0.215,7.1,10.5,8.7,6.9,0.9,0.9,8.2,26.9,,5,1.1,6,0.091,,1.9,-2.2,-0.3,1.3
197,Steve Mix,SF,33,PHI,72,1327,19.7,0.57,0.005,0.417,9.3,12.2,10.8,12.3,2.1,0.8,11.4,23.4,,3.3,2.2,5.5,0.201,,2.6,0.4,3,1.7
198,Paul Mokeski,C,24,DET,80,1815,10.3,0.52,0.002,0.437,8.5,18.8,13.4,10.7,1,2.4,22.7,15.7,,-0.4,2.1,1.7,0.046,,-3.2,0.5,-2.6,-0.3
199,Sidney Moncrief*,SG,23,MIL,80,2417,18,0.614,0.012,0.539,8.8,9.8,9.3,14.1,1.7,0.9,13.7,17.2,,6.9,2.9,9.9,0.196,,3.4,0.3,3.8,3.5
200,Johnny Moore,PG,22,SAS,82,1578,15.8,0.507,0.037,0.331,4.2,9.1,6.8,31.8,3.5,0.7,20.5,18.9,,1.2,2,3.2,0.099,,0.2,1,1.2,1.3
201,Lowes Moore,PG,23,NJN,71,1406,11.1,0.479,0.056,0.192,3.4,10.3,6.7,22.3,2,0.7,17.2,17.6,,0,1.1,1.1,0.037,,-2.2,0.2,-2.1,0
202,Calvin Murphy*,PG,32,HOU,76,2014,18.1,0.542,0.016,0.2,1.8,3,2.4,17.2,2.6,0.2,9.9,26.1,,4,1.3,5.4,0.128,,0.9,-0.1,0.8,1.4
203,Swen Nater,C,31,SDC,82,2809,18.2,0.597,0,0.328,11.7,31.4,21.1,10.2,0.8,1,16.5,18.6,,5.5,3.1,8.6,0.147,,1.5,-0.8,0.7,1.9
204,Calvin Natt,SF,24,POR,74,2111,14.8,0.541,0.01,0.356,7.7,14.6,11.1,10,1.6,0.5,15.1,20.3,,2.2,2,4.2,0.095,,0.1,-0.9,-0.8,0.7
205,Kenny Natt,SG,22,IND,19,149,5.2,0.36,0.104,0.143,6.4,4.5,5.5,9.4,1.6,0.4,10.9,24.7,,-0.3,0.1,-0.2,-0.075,,-5.1,-1.8,-6.9,-0.3
206,Mike Newlin,SG,32,NJN,79,2911,15.6,0.571,0.024,0.366,3,5.6,4.2,15.5,1.4,0.2,14.4,23.4,,4.8,1.3,6.1,0.1,,0.6,-1.4,-0.8,0.9
207,Carl Nicks,PG,22,TOT,67,1109,10.2,0.501,0.011,0.351,3.7,7.2,5.4,18.1,2.5,0.1,21.9,19.3,,-0.7,0.5,-0.2,-0.008,,-3.3,-0.8,-4.1,-0.6
207,Carl Nicks,PG,22,DEN,27,493,8.3,0.472,0.007,0.396,2.6,7.6,5.1,19.9,2.5,0.2,26.5,17.9,,-0.7,0.2,-0.4,-0.043,,-3.8,-1,-4.8,-0.4
207,Carl Nicks,PG,22,UTA,40,616,11.7,0.522,0.014,0.319,4.5,6.8,5.7,16.7,2.6,0.1,18.1,20.4,,0,0.3,0.3,0.021,,-2.8,-0.6,-3.5,-0.2
208,Mike Niles,SF,25,PHO,44,231,6.7,0.373,0.029,0.268,12.6,15,13.8,9.3,1.6,0.2,13.9,30.3,,-0.7,0.4,-0.3,-0.062,,-6.7,-2.1,-8.8,-0.5
209,Norm Nixon,PG,25,LAL,79,2962,15.5,0.511,0.01,0.208,2.5,5.8,4.2,30.9,2.3,0.2,17.7,21.8,,2.8,2.7,5.5,0.089,,0.3,-1,-0.6,1
210,Mike O'Koren,SF,22,NJN,79,2473,12.6,0.515,0.024,0.282,8,14,10.9,14,1.6,0.6,14.7,15.8,,1.9,2,3.8,0.075,,-0.3,-0.1,-0.4,1
211,Mark Olberding,SF,24,SAS,82,2408,14.8,0.594,0.01,0.555,6.9,14.1,10.6,15.2,1.5,0.7,19.2,17.4,,4.4,2.3,6.6,0.132,,0.3,-0.2,0.1,1.2
212,Jawann Oldham,C,23,DEN,4,21,3.3,0.333,0,0,14.2,10,12.1,0,0,4.8,25,14.1,,0,0,0,-0.094,,-4.6,-0.4,-5,0
213,Louis Orr,SF,22,IND,82,1787,16.1,0.538,0.008,0.285,10.2,11.9,11,10.7,1.5,0.8,13.4,20.6,,2.8,1.5,4.3,0.116,,1.2,-1.2,0,0.9
214,Tom Owens,PF,31,POR,79,1843,15.1,0.564,0.006,0.397,9.7,17.2,13.5,9.9,0.9,1.4,14.9,18.7,,3.1,1.8,4.8,0.125,,-0.3,-0.5,-0.8,0.6
215,Robert Parish*,C,27,BOS,82,2298,25.2,0.579,0.001,0.34,12.7,25.3,19.3,10,1.7,5.1,12.5,27.1,,6,4.9,10.9,0.228,,3.3,2.1,5.4,4.3
216,Sonny Parker,SG,25,GSW,73,1317,13.3,0.536,0,0.33,8.4,8,8.2,10.6,2.4,0.6,15.9,15.9,,1.6,0.7,2.3,0.084,,0.3,0.3,0.6,0.9
217,Myles Patrick,SF,26,LAL,3,9,6.9,0.425,0,0.4,12.8,11.4,12,15.2,0,0,14.5,30.7,,0,0,0,-0.036,,-4.7,-0.2,-5,0
218,Billy Paultz,PF,32,HOU,81,1659,12.9,0.513,0.006,0.296,7.4,19,13.1,8.5,0.8,2.4,13.2,16.5,,1,1.6,2.7,0.077,,-1,0.1,-0.9,0.5
219,Jim Paxson,SG,23,POR,79,2701,16.9,0.564,0.027,0.227,3,5.5,4.3,15.3,2.4,0.2,9.8,19.6,,5.6,2.1,7.7,0.136,,1.2,0.2,1.4,2.3
220,Sam Pellom,PF,29,ATL,77,1472,11.7,0.525,0.003,0.305,9.4,18.5,13.9,4.7,1.6,3.7,18.7,14.9,,0.4,1.8,2.2,0.07,,-2.4,0.9,-1.4,0.2
221,Roger Phegley,SG,24,CLE,82,2269,14.3,0.545,0.029,0.277,4.2,8,6,11.8,1.4,0.4,13.2,22.1,,2.9,0.8,3.7,0.078,,-0.5,-1.1,-1.6,0.3
222,Stan Pietkiewicz,SG,24,TOT,42,461,12.3,0.499,0.348,0.101,3.1,7.4,5.2,24.4,1.6,0.2,13.2,15,,0.5,0.1,0.6,0.058,,0.9,-0.6,0.4,0.2
222,Stan Pietkiewicz,SG,24,SDC,6,30,-4.5,0.4,0,0,0,4.1,1.9,8.2,0,0,50,13.6,,-0.1,0,-0.1,-0.219,,-5.1,-0.7,-5.8,-0.1
222,Stan Pietkiewicz,SG,24,DAL,36,431,13.5,0.503,0.361,0.105,3.3,7.7,5.4,25.5,1.7,0.3,10.9,15.1,,0.6,0.1,0.7,0.077,,1.3,-0.5,0.8,0.3
223,Ben Poquette,PF,25,UTA,82,2808,13,0.567,0.01,0.264,6.6,18.9,12.8,7.9,1.2,3.6,15.1,12.4,,2.9,2.5,5.4,0.092,,-1.1,0.9,-0.2,1.3
224,Kevin Porter,PG,30,WSB,81,2577,16.2,0.561,0.014,0.288,1.4,3.7,2.5,39.3,2,0.2,20.6,19,,3.8,2.6,6.4,0.119,,1.3,0.3,1.7,2.4
225,Tony Price,SG,24,SDC,5,29,2.4,0.286,0,0,0,0,0,12.7,3.3,2,22.2,12.7,,-0.1,0,-0.1,-0.089,,-4.5,0.2,-4.3,0
226,Wally Rank,SF,22,SDC,25,153,4,0.397,0,0.491,12.4,10.4,11.4,14.9,2.2,0.4,27.3,25.4,,-0.6,0.1,-0.4,-0.14,,-6.3,-1.2,-7.5,-0.3
227,Kelvin Ransey,PG,22,POR,80,2431,14.9,0.484,0.027,0.188,1.9,6.9,4.4,31.4,1.7,0.2,15.6,24.3,,1.3,1.6,2.8,0.056,,0.1,-2,-1.9,0.1
228,Clifford Ray,C,32,GSW,66,838,4.7,0.438,0,0.408,9.5,19.4,14.4,7.5,1.4,0.9,29.2,12,,-0.9,0.6,-0.3,-0.018,,-5.9,0.3,-5.6,-0.8
229,James Ray,PF,23,DEN,18,148,4.2,0.346,0.02,0.204,8.8,17,12.8,8.8,1.2,1.4,19.6,16.7,,-0.3,0.1,-0.2,-0.07,,-5.4,-0.7,-6.1,-0.2
230,Billy Reid,SG,23,GSW,59,597,6.2,0.47,0.027,0.211,4.9,6.2,5.6,15.6,2.6,0.5,27.8,18.6,,-1,0.3,-0.6,-0.05,,-5.4,-0.2,-5.6,-0.5
231,Robert Reid,SF,25,HOU,82,2963,16.4,0.522,0.004,0.272,6.1,15.9,11,16.1,2.6,1.2,13.7,19.8,,3.6,3.6,7.2,0.116,,0.8,1.3,2.1,3
232,Kevin Restani,SF,29,SAS,64,999,13.8,0.551,0.022,0.238,8.1,10.8,9.5,11.4,0.7,0.7,14.3,18.9,,1.4,0.6,2.1,0.1,,0.4,-1.6,-1.3,0.2
233,Clint Richardson,SG,24,PHI,77,1313,12.2,0.526,0.002,0.233,7.4,7.2,7.3,15.6,1.3,0.4,17.7,19.1,,0.8,1.6,2.4,0.087,,-0.6,-0.5,-1.1,0.3
234,Micheal Ray Richardson,SG,25,NYK,79,3175,17.1,0.511,0.091,0.303,6,13.9,9.8,27.5,3.5,0.6,19.3,20,,2.2,4.7,6.9,0.104,,1.4,1.9,3.2,4.2
235,Anthony Roberts,SF,25,WSB,26,350,6.2,0.405,0,0.201,5.4,15.1,10.2,7.7,1.5,0,15.2,21.2,,-0.7,0.5,-0.2,-0.032,,-6,-0.3,-6.2,-0.4
236,Rick Robey,C,25,BOS,82,1569,14.9,0.563,0.002,0.459,10,18,14.2,11.2,1.2,0.7,17.7,20.7,,1.6,2.1,3.7,0.114,,-0.3,-0.1,-0.3,0.7
237,Cliff Robinson,PF,20,NJN,63,1822,17.9,0.521,0.001,0.232,7.3,22.9,14.9,9.8,1.5,1.6,13.4,29.5,,0.4,2.1,2.5,0.065,,0,-0.9,-0.9,0.5
238,Truck Robinson,PF,29,PHO,82,3088,14.9,0.531,0,0.309,7.9,20.1,14.1,9.6,1,0.7,14.7,21.5,,2.4,5.3,7.6,0.119,,-0.3,-0.4,-0.7,1
239,Wayne Robinson,PF,22,DET,81,1592,11.5,0.523,0.012,0.472,8.1,13.7,10.7,10.5,1.4,0.9,19.5,19.4,,0.2,1.5,1.7,0.052,,-2,-0.7,-2.7,-0.3
240,Bill Robinzine,PF,28,TOT,78,2016,14.8,0.528,0.007,0.34,9.1,21.4,15,9.5,1.8,0.3,16.5,23.5,,0.7,1.5,2.3,0.054,,-1.2,-1.2,-2.4,-0.2
240,Bill Robinzine,PF,28,CLE,8,84,6,0.465,0,0.25,5,12.5,8.6,8.1,2.3,0,22,21.8,,-0.2,0.1,-0.1,-0.057,,-5.1,-0.3,-5.4,-0.1
240,Bill Robinzine,PF,28,DAL,70,1932,15.2,0.531,0.008,0.344,9.3,21.8,15.3,9.5,1.8,0.3,16.2,23.6,,0.9,1.5,2.4,0.059,,-1.1,-1.2,-2.2,-0.1
241,Dave Robisch,C,31,TOT,84,2116,14.1,0.507,0,0.334,7.5,17.2,12.2,10.4,0.8,0.8,8.9,16.5,,3.2,0.9,4.2,0.095,,0.6,-1.1,-0.5,0.8
241,Dave Robisch,C,31,CLE,11,372,12.5,0.452,0,0.367,7.6,18.1,12.6,14.8,0.9,0.9,11,13.8,,0.3,0.2,0.6,0.072,,0.2,-0.1,0.2,0.2
241,Dave Robisch,C,31,DEN,73,1744,14.4,0.515,0,0.329,7.4,17,12.1,9.5,0.8,0.8,8.6,17.1,,2.9,0.7,3.6,0.1,,0.7,-1.3,-0.7,0.6
242,John Roche,PG,31,DEN,26,611,13.1,0.543,0.151,0.43,0.8,5.5,3.1,28.2,1.2,0.7,19.6,16.1,,0.7,0.1,0.8,0.06,,0.6,-2,-1.4,0.1
243,Tree Rollins,C,25,ATL,40,1044,14.5,0.591,0.005,0.271,11.1,20.5,15.7,4.7,1.3,6.7,19.5,11.6,,1.1,1.5,2.6,0.12,,-0.7,2.5,1.7,1
244,Lorenzo Romar,PG,22,GSW,53,726,10.2,0.459,0.028,0.299,1.5,7.1,4.3,23.9,1.8,0.2,17.9,15.9,,0.2,0.2,0.5,0.03,,-1.8,-0.8,-2.7,-0.1
245,Dan Roundfield,PF,27,ATL,63,2128,20.7,0.575,0.001,0.439,12.3,22,17.1,12.1,1.7,3.3,15.6,22.3,,4.2,2.8,7,0.159,,2.3,0.8,3.1,2.7
246,Campy Russell,SF,29,NYK,79,2865,12.9,0.518,0.024,0.313,4.2,10.1,7,12.7,1.6,0.2,14.5,20.7,,1.8,2.5,4.3,0.071,,-1,-0.7,-1.6,0.3
247,Frankie Sanders,SF,24,KCK,23,186,13,0.508,0,0.286,3.6,8.9,6.3,12.7,4.1,0.3,19.5,24,,-0.1,0.3,0.1,0.035,,-3.3,0.9,-2.4,0
248,DeWayne Scales,PF,22,NYK,44,484,11.5,0.444,0.027,0.173,10.7,20.8,15.6,3,1.2,0.5,11,22.8,,-0.3,0.6,0.3,0.028,,-3.1,-2.5,-5.6,-0.4
249,Alvin Scott,SF,25,PHO,82,1423,13.4,0.55,0.017,0.365,8,12.7,10.4,10.2,1.9,2.8,16,13.2,,1.6,2.6,4.3,0.144,,0.1,2.2,2.3,1.6
250,Craig Shelton,SF,23,ATL,55,586,8.8,0.481,0.005,0.265,11.4,15.7,13.5,7,1.5,0.5,20,21.6,,-0.5,0.5,0,-0.002,,-5,-1.4,-6.5,-0.7
251,Lonnie Shelton,PF,25,SEA,14,440,10.9,0.459,0,0.316,7.9,11.5,9.7,11.7,2.4,0.4,17.1,22.1,,-0.4,0.5,0.1,0.016,,-2.8,-0.3,-3,-0.1
252,Purvis Short,SF,23,GSW,79,2309,17,0.509,0.015,0.177,7.1,11.7,9.4,16.2,1.6,0.5,10.3,23.9,,4.3,1.1,5.4,0.111,,1.5,-0.8,0.6,1.5
253,John Shumate,PF,28,TOT,24,527,9.3,0.508,0,0.58,7.3,10.7,9.1,5.7,1.9,0.9,20.3,15.6,,0,0.5,0.5,0.045,,-2.1,-0.6,-2.6,-0.1
253,John Shumate,PF,28,SAS,22,519,9.7,0.515,0,0.57,7.2,10.9,9.1,5.8,1.9,0.9,20.4,15.4,,0.1,0.5,0.5,0.05,,-2,-0.6,-2.6,-0.1
253,John Shumate,PF,28,SEA,2,8,-11.5,0.231,0,1,14,0,6.9,0,0,0,18.8,27.1,,-0.1,0,-0.1,-0.309,,-5.2,-0.4,-5.6,0
254,Jerry Sichting,PG,24,IND,47,450,8.4,0.426,0.053,0.337,2.6,8,5.2,19.2,2.4,0.1,20.4,12.2,,-0.1,0.4,0.3,0.032,,-3.3,0.5,-2.7,-0.1
255,Jack Sikma*,C,25,SEA,82,2920,18,0.512,0.004,0.315,7.1,24.6,16,13.2,1.3,1.7,11.9,23.6,,3.5,4.5,8,0.132,,0.9,0.5,1.4,2.5
256,James Silas,PG,31,SAS,75,2055,19.4,0.557,0.002,0.441,2.4,9.5,6.1,20.7,1.2,0.3,11.8,26.1,,5.7,1.3,7,0.164,,2.6,-1.6,1,1.6
257,Larry Smith,PF,23,GSW,82,2578,14.8,0.54,0,0.507,18.3,24.5,21.4,4.6,1.3,1.4,16.7,13.4,,3.7,2.4,6.1,0.113,,0.7,-1.2,-0.5,1
258,Phil Smith,SG,28,SDC,76,2378,16.2,0.535,0.017,0.296,2.3,5.5,3.8,23.6,1.7,0.4,12.8,23.5,,3.8,1,4.8,0.097,,0.9,-1.1,-0.2,1.1
259,Randy Smith,SG,32,CLE,82,2199,17,0.514,0.027,0.26,2.2,7.8,4.9,23.9,2.4,0.4,14.4,24.8,,2.1,1.3,3.3,0.073,,1,-0.5,0.5,1.4
260,Robert Smith,PG,25,CLE,1,20,7.2,0.592,0,0.8,5.3,11.6,8.3,18.8,0,0,30.7,19.6,,0,0,0,0.019,,-4.4,-0.2,-4.6,0
261,Ricky Sobers,PG,28,CHI,71,1803,15.6,0.546,0.086,0.321,3,5.9,4.6,23.3,2.6,0.5,19,24.5,,2.2,1.6,3.8,0.101,,-0.1,-0.5,-0.6,0.6
262,Jim Spanarkel,SF,23,DAL,82,2317,17.3,0.563,0.012,0.488,6.7,7.9,7.3,15.8,2.5,0.5,14.1,22.1,,4.5,1.1,5.5,0.115,,1.4,-0.1,1.2,1.9
263,Rory Sparrow,PG,22,NJN,15,212,8.2,0.4,0,0.254,3.6,6,4.8,19.5,2.8,0.8,20.4,16.4,,-0.3,0.2,-0.1,-0.023,,-3.3,0.3,-3,-0.1
264,John Stroud,SF,23,HOU,9,88,6.4,0.35,0,0.118,8.8,7.7,8.2,13.2,0.5,0,10.1,18.3,,-0.1,0,-0.1,-0.036,,-3.4,-1.2,-4.6,-0.1
265,Brian Taylor,PG,29,SDC,80,2312,15.9,0.602,0.195,0.313,2.8,4.9,3.8,25.5,2.4,0.6,14.2,13.8,,5.6,1.4,7.1,0.146,,1.7,0.6,2.3,2.5
266,Carlos Terry,SG,24,WSB,26,504,13.7,0.527,0.038,0.263,8.9,15.3,12.1,18.8,2.5,1.4,24.2,18.8,,-0.1,0.9,0.8,0.074,,-1.2,2.5,1.4,0.4
267,Reggie Theus,SG,23,CHI,82,2820,18.4,0.578,0.082,0.501,5.2,6.3,5.8,22.2,2.1,0.4,16.2,23.1,,7.1,2.1,9.2,0.156,,2.4,-0.6,1.8,2.7
268,David Thompson*,SG,26,DEN,77,2620,19.4,0.571,0.027,0.424,4.1,7.2,5.6,13.2,0.9,1.2,12.7,27.9,,6,0.4,6.4,0.117,,3,-2.1,0.9,1.9
269,Mychal Thompson,C,26,POR,79,2790,16.6,0.52,0.001,0.281,8.7,18.1,13.4,13.8,1,3.4,15.7,21.8,,2.1,3.3,5.3,0.092,,0.5,0.4,0.9,2.1
270,Rudy Tomjanovich*,PF,32,HOU,52,1264,13.5,0.503,0.091,0.146,6.8,11.6,9.2,9.2,0.7,0.3,8.8,21.1,,1.5,0.6,2.1,0.079,,-0.1,-1.9,-2,0
271,Andrew Toney,SG,23,PHI,75,1768,12.7,0.535,0.036,0.28,2.1,6.4,4.4,22.4,1.5,0.3,19.5,25.7,,0,2.2,2.2,0.061,,-2.1,-1,-3,-0.4
272,Terry Tyler,SF,24,DET,82,2549,17.2,0.547,0.009,0.279,8.5,17.9,12.9,8.4,2.1,4.1,14,18.5,,2.5,3.9,6.4,0.121,,0.7,1.6,2.3,2.8
273,Wes Unseld*,C,34,WSB,63,2032,13.5,0.543,0.009,0.2,10.6,24.3,17.4,10.6,1.2,1,17.2,11.1,,2.1,3.4,5.5,0.13,,0,1.8,1.7,1.9
274,Ronnie Valentine,SF,23,DEN,24,123,10.3,0.395,0.02,0.194,8.1,17,12.4,8.8,2.5,1.7,13.1,36.9,,-0.4,0.1,-0.3,-0.128,,-5.6,-1.6,-7.2,-0.2
275,Jan van Breda Kolff,SF,29,NJN,78,1426,6.5,0.506,0.033,0.478,3.7,12.5,8,11.2,1.2,2,26.7,11.2,,-0.6,1.2,0.6,0.019,,-3.9,0.8,-3.1,-0.4
276,Kiki Vandeweghe,SF,22,DEN,51,1376,11.9,0.484,0.013,0.296,6.2,14,10,8.7,0.9,0.9,12.4,18.7,,0.7,0.5,1.2,0.04,,-1,-1.7,-2.7,-0.3
277,Brett Vroman,C,25,UTA,11,93,11.8,0.481,0.037,0.704,8.7,22,15.4,13.1,2.6,3.1,20.3,20.5,,0,0.1,0.1,0.048,,-4.5,0.8,-3.6,0
278,Foots Walker,PG,29,NJN,41,1172,10.1,0.537,0.053,0.657,2.1,7.9,4.9,26.4,2,0,28.1,10.2,,0.7,0.8,1.5,0.06,,-2.1,0,-2.1,0
279,Wally Walker,SF,26,SEA,82,1796,11.3,0.492,0.005,0.27,6.6,12.6,9.6,9.9,1.4,0.5,14.1,18.5,,0.3,1.7,2.1,0.055,,-1.6,-0.5,-2.1,-0.1
280,Lloyd Walton,PG,27,KCK,61,821,9.9,0.443,0.005,0.151,1.8,4.7,3.2,32,1.8,0.1,25.6,15.8,,-0.5,0.6,0.1,0.005,,-1.7,-1.4,-3,-0.2
281,Kermit Washington,PF,29,POR,73,2120,17.4,0.596,0.002,0.504,12.1,23.2,17.6,8.9,1.9,2.2,17.1,15.7,,3.6,3.1,6.8,0.153,,0.9,0.7,1.7,2
282,Richard Washington,PF,25,TOT,80,1812,13.6,0.49,0.003,0.213,9.2,19,13.9,10.2,1.2,1.9,13.6,21.1,,0.7,1.4,2.1,0.056,,-1.8,-0.4,-2.2,-0.1
282,Richard Washington,PF,25,DAL,11,307,11.5,0.468,0,0.197,8.9,22.7,15.6,8.1,0.8,1.3,14.2,20.2,,-0.1,0.2,0.1,0.013,,-2.4,-1.4,-3.8,-0.2
282,Richard Washington,PF,25,CLE,69,1505,14.1,0.494,0.003,0.216,9.3,18.2,13.6,10.6,1.3,2,13.5,21.3,,0.8,1.2,2,0.065,,-1.7,-0.2,-1.9,0
283,Marvin Webster,C,28,NYK,82,1708,10.8,0.512,0.012,0.478,10.5,21,15.5,5.3,0.8,3.3,20,12.3,,0.5,2.2,2.7,0.076,,-2,0.5,-1.4,0.2
284,Scott Wedman,SF,28,KCK,81,2902,14.8,0.503,0.054,0.142,4.9,11.6,8.3,11.7,1.6,0.9,9.5,24.1,,1.7,2.9,4.7,0.077,,-0.4,-0.7,-1.1,0.7
285,Paul Westphal*,SG,30,SEA,36,1078,16.5,0.517,0.05,0.368,1.1,5.7,3.5,21.5,2,0.7,11.8,24.9,,1.5,0.9,2.4,0.106,,1,-0.2,0.8,0.7
286,Jo Jo White*,PG,34,KCK,13,236,10.4,0.462,0,0.22,1.4,8.4,4.9,21,2.2,0.2,16.7,19,,-0.1,0.2,0.1,0.021,,-3,0,-3,-0.1
287,Rudy White,SG,27,TOT,16,208,6.6,0.423,0.015,0.246,0.5,5.2,2.9,12.8,2.1,0.3,14.3,16.3,,-0.1,0.2,0,0.001,,-4.3,-0.1,-4.4,-0.1
287,Rudy White,SG,27,GSW,4,43,13.3,0.557,0,0.222,0,0,0,6.7,4.4,0,13.2,21,,0.1,0,0.1,0.094,,-3.6,0.5,-3.1,0
287,Rudy White,SG,27,SEA,12,165,4.9,0.373,0.021,0.255,0.7,6.5,3.7,14.4,1.5,0.3,14.7,15.1,,-0.2,0.1,-0.1,-0.024,,-4.5,-0.3,-4.8,-0.2
288,Jerome Whitehead,C,24,TOT,48,688,8.3,0.474,0.006,0.311,9.3,27.5,18,5,1.4,0.8,21.5,15.5,,-0.6,0.8,0.2,0.011,,-4.5,-0.7,-5.2,-0.6
288,Jerome Whitehead,C,24,DAL,7,118,6,0.432,0,0.289,7.4,20,13.5,2.5,1.6,0.5,20.4,19.1,,-0.3,0.1,-0.2,-0.072,,-4.6,-1,-5.6,-0.2
288,Jerome Whitehead,C,24,CLE,3,8,5.6,0.333,0,0,26.3,14.5,20.7,0,5.9,0,0,15.1,,0,0,0,0.118,,-5,0,-5,0
288,Jerome Whitehead,C,24,SDC,38,562,8.8,0.488,0.007,0.324,9.5,29.3,18.9,5.6,1.3,0.8,22.1,14.8,,-0.3,0.7,0.3,0.027,,-4.5,-0.6,-5.1,-0.4
289,Hawkeye Whitney,SG,23,KCK,47,782,14,0.523,0.02,0.212,4.1,10.9,7.5,12.2,2.8,0.4,12.5,20.3,,0.5,1,1.5,0.091,,-1.8,1.1,-0.7,0.3
290,Sidney Wicks,PF,31,SDC,49,1083,9.7,0.463,0.003,0.524,8.1,16.2,12,13.4,1.8,2.1,21.1,16.8,,-0.7,1,0.4,0.016,,-3.3,0.7,-2.6,-0.2
291,Michael Wiley,PF,23,SAS,33,271,19.8,0.591,0.014,0.348,9.2,16.2,12.9,6.5,1.4,1.2,15,27.4,,0.5,0.3,0.8,0.144,,0.3,-1,-0.8,0.1
292,Bob Wilkerson,SG,26,CHI,80,2238,12.3,0.507,0.014,0.228,4.6,9.6,7.2,16.7,2.2,0.6,18.2,17.5,,1.2,2,3.2,0.068,,-0.9,0.2,-0.7,0.7
293,Jamaal Wilkes*,SF,27,LAL,81,3028,18,0.556,0.009,0.224,5.6,9.8,7.8,11.2,1.9,0.5,11.2,24.5,,5.5,3,8.5,0.135,,1.4,-0.8,0.5,1.9
294,James Wilkes,SF,22,CHI,48,540,11.2,0.491,0.005,0.228,7.9,12.1,10.1,7.8,2.2,1.3,14.4,17.9,,0.2,0.6,0.8,0.072,,-2.3,0.3,-2,0
295,Jeff Wilkins,C,25,UTA,56,1058,9.2,0.47,0,0.154,6.8,22.7,14.9,5.2,1.5,2.5,17.5,13.7,,-0.5,1.1,0.5,0.024,,-4.1,0.1,-4,-0.5
296,Freeman Williams,SG,24,SDC,82,1976,20.2,0.524,0.102,0.215,4.2,3.3,3.8,14.9,2.2,0.1,9.9,34.6,,3.1,0.9,4,0.096,,3.1,-1.9,1.2,1.6
297,Ray Williams,PG,26,NYK,79,2742,19,0.519,0.051,0.286,4.9,8.6,6.7,23.9,3.2,0.8,13.5,25.7,,3.8,3.4,7.2,0.127,,2,1.1,3,3.5
298,Sly Williams,PF,23,NYK,67,1976,16.6,0.536,0.011,0.379,8.9,15.4,12,12.9,2.8,0.5,14.6,19.9,,2.4,2.7,5.1,0.124,,0.9,0.8,1.7,1.9
299,John Williamson,SG,29,WSB,9,112,4.2,0.358,0.107,0.107,0,6.6,3.3,20.6,1.7,0.5,17,25.3,,-0.4,0.1,-0.3,-0.117,,-5.2,-0.5,-5.7,-0.2
300,Bill Willoughby,SF,23,HOU,55,1145,10.8,0.554,0,0.223,7.1,15,11,7.2,0.8,1.5,19,13.8,,0.6,0.8,1.5,0.062,,-1.3,-0.3,-1.6,0.1
301,Brian Winters,SG,28,MIL,69,1771,12.5,0.528,0.073,0.197,2.1,6.6,4.4,17.1,1.8,0.3,15.2,19.8,,1.6,1.9,3.5,0.095,,-1.1,-0.3,-1.4,0.3
302,Mike Woodson,SG,22,NYK,81,949,10.9,0.474,0.013,0.172,3.8,8,5.8,11.1,1.8,0.7,11.9,19.5,,0,0.8,0.9,0.044,,-2.1,-0.3,-2.4,-0.1
303,Sam Worthen,PG,23,CHI,64,945,8.9,0.538,0.021,0.313,2.8,10.8,6.9,15.7,2.9,0.4,29.4,13.3,,-0.4,1,0.7,0.035,,-3.3,1.4,-1.9,0
304,Larry Wright,PG,26,DET,45,997,11.1,0.504,0.023,0.218,2.9,7.7,5.1,22.6,2,0.4,18.2,16.5,,0.4,0.9,1.2,0.06,,-2.2,0.1,-2.1,0